Date,Product,Category,Quantity,Price,Region
2026-01-05,Laptop,Electronics,2,55000,North
2026-01-08,Mouse,Electronics,5,800,West
2026-01-12,Keyboard,Electronics,3,1500,North
2026-01-15,Chair,Furniture,4,4500,South
2026-01-18,Desk,Furniture,2,7000,East
2026-01-22,Monitor,Electronics,3,12000,West
2026-01-25,Notebook,Stationery,10,100,North
2026-02-02,Pen,Stationery,20,50,South
2026-02-07,Laptop,Electronics,1,55000,East
2026-02-11,Chair,Furniture,3,4500,West
2026-02-15,Desk,Furniture,1,7000,North
2026-02-20,Mouse,Electronics,8,800,South
2026-02-25,Monitor,Electronics,2,12000,East
2026-03-01,Notebook,Stationery,15,100,West
2026-03-05,Keyboard,Electronics,4,1500,South